Id,Contributions,JavaScript,Python,Java,C#,PHP,TypeScript,Ruby,C++,C,Swift,Go,Shell,Kotlin,Rust,PowerShell,Objective-C,R,MATLAB,Dart,Vue,Assembly,Sass,CSS,HTML,Pascal,Racket,Zig,Other
1.4957496136012365,422.8261205564142,0.16017297160852578,0.10913998025273682,0.07199019182317021,0.040013863723811986,0.04505293151924956,0.06535317045769307,0.03195987310895885,0.05285555206254648,0.04206704119479884,0.014835945804231403,0.04421329199075864,0.025745849472370404,0.009901024848231,0.015335885737103129,0.0019621280951998485,0.00663945259615145,0.003703162363347035,0.0032457274654976074,0.004592114360212329,0.006626174950441846,0.0021910829157550426,0.00012969364681353853,0.0339196607990604,0.0691333481522799,0.0010468973768997267,0.00017257204559351178,0.00011454059159438056,0.13788587103696728
0.5000785580921027,2133.358734948431,0.2738844451358609,0.25386106362377464,0.21966190642929906,0.16829302927379816,0.1754909201227156,0.19748141684926898,0.13594497527723556,0.17345748089573013,0.15206714061120605,0.10508600182993257,0.17638017231442651,0.11433831833518938,0.08537196079511727,0.10156461853534582,0.03294989211167182,0.05557244054835427,0.04585368333409783,0.04768710914588162,0.05600494865170925,0.047149357496265594,0.03016631428660526,0.002803446193480005,0.09873234709923835,0.16593868968930678,0.026972951816347027,0.007899850484410244,0.005783399382974246,0.2655934594509025
