Id,Contributions,JavaScript,Python,Java,C#,PHP,TypeScript,Ruby,C++,C,Swift,Go,Shell,Kotlin,Rust,PowerShell,Objective-C,R,MATLAB,Dart,Vue,Assembly,Sass,CSS,HTML,Pascal,Racket,Zig,Other
806.6554770318021,0.0,0.12334088655657588,0.07136877675317504,0.019466040272199305,0.010485202789899372,0.011298135801956311,0.05864272719759671,0.18754545239624384,0.022659706465826306,0.037490156942590586,0.015510842514792195,0.06149658061602978,0.046463100143126386,0.0040186254409482185,0.029845362926930546,0.00016136821309690287,0.00870981619441459,0.0004151050384829225,0.00041235584603683504,0.0052654246189265935,0.002155843648618595,0.0011486595923095796,0.00019763084526225108,0.017796518248057617,0.050286991224020035,7.029063355146781e-06,0.0002506951653642847,0.001533300854045743,0.2120276646301184
1241.0470114518894,0.0,0.24674152187594975,0.206031361327979,0.10910434284258398,0.08013026619271911,0.08047716330294834,0.1895719277344595,0.3180113577706414,0.10353787138040485,0.15065883167528052,0.10546492256112976,0.19997389896047935,0.15071802192797185,0.05434319071820716,0.14715143890937354,0.0016483569717304961,0.06698988054840992,0.006757415171941822,0.009810256702481682,0.06586480088436954,0.021405616637400482,0.016514701485094933,0.002171872937310993,0.06397347913539124,0.15078653003645096,0.00016327783980192999,0.005964227135208447,0.03647838420357803,0.3181756589212199
