Id,Contributions,JavaScript,Python,Java,C#,PHP,TypeScript,Ruby,C++,C,Swift,Go,Shell,Kotlin,Rust,PowerShell,Objective-C,R,MATLAB,Dart,Vue,Assembly,Sass,CSS,HTML,Pascal,Racket,Zig,Other
995.5872727272728,796.4363636363636,0.12398138904334745,0.06937492943907149,0.020021598059805773,0.01078956334719419,0.010601243942540018,0.056762784730639324,0.18750486668968608,0.02331888295935946,0.03857661076576631,0.015791304475168876,0.06328557205213248,0.04508094184027455,0.003882340659943354,0.029675286897923068,0.00016107284322728664,0.00896277747527286,0.0004271808214206075,0.0004243516524669975,0.005418600607840822,0.0022185591002147724,0.0011771043683437943,0.00015443539000023105,0.01787160019304436,0.05150408126754911,7.233545198205596e-06,0.00025798811562942754,0.0015779070111367622,0.21118979270580243
620.8113518841692,1243.7793492872956,0.24652796218744757,0.20412879578320858,0.11063305176110796,0.08126933717808378,0.07813322804128567,0.1862954482013334,0.31748722314630884,0.10496244833797987,0.15270147204922693,0.10690711543775587,0.20258723641840512,0.1475888242547547,0.054822229826187716,0.14742436498372738,0.0016691662522965265,0.06794160813604763,0.00685479976122498,0.0099519283921916,0.06681146403365815,0.021712088307224476,0.016752387835858747,0.0018843849357471794,0.06418878831686378,0.15274195333684484,0.00016563555582752902,0.0060503576169770815,0.03700519956285875,0.3172183438804692
