Id,Contributions,JavaScript,Python,Java,C#,PHP,TypeScript,Ruby,C++,C,Swift,Go,Shell,Kotlin,Rust,PowerShell,Objective-C,R,MATLAB,Dart,Vue,Assembly,Sass,CSS,HTML,Pascal,Racket,Zig,Other
1.5051546391752577,589.7319587628866,0.1106329564566654,0.10061658282606624,0.048506361383108626,0.029531141673730853,0.04604967570330408,0.06910829155382528,0.0869247890598916,0.0422899070314914,0.05272819083194567,0.02207203978665741,0.04797944411559267,0.023624871356952896,0.006661172328607546,0.03036965946946673,0.007280059751786377,0.005618590578048674,0.005167125353323919,0.0005617793209073414,0.00014114446045289416,0.003923320936469975,0.0010664965381063278,6.931677178425828e-06,0.0304181915493524,0.05776194572361896,3.19309598333586e-07,0.0,0.0033249665209363704,0.16763404470291363
0.500834710297468,1037.7102198205157,0.21903471538861197,0.24674120130930408,0.17580153196582535,0.15645891837822157,0.1770189708139426,0.214969068308086,0.22978619412801984,0.14775173816495327,0.1771422993073846,0.1328052327383446,0.17820786235764485,0.09672416876754238,0.062307190744034846,0.13753028785070262,0.05714053197202869,0.04415735535265082,0.06239354861962253,0.009553621436078569,0.0020222134479724175,0.03133822990570629,0.011867507848952205,8.699055222067809e-05,0.09481809558965192,0.15877468767005845,5.447013704783127e-06,1.0,0.041674974268140506,0.29618610532400136
