Id,Contributions,JavaScript,Python,Java,C#,PHP,TypeScript,Ruby,C++,C,Swift,Go,Shell,Kotlin,Rust,PowerShell,Objective-C,R,MATLAB,Dart,Vue,Assembly,Sass,CSS,HTML,Pascal,Racket,Zig,Other
1.4956896551724137,529.6009852216749,0.152164564187277,0.10538636325392989,0.05780943730755096,0.0383282907748922,0.052066424246049486,0.06685688846894755,0.04263157109638354,0.050187452536245014,0.04901596107943477,0.01652838168623926,0.052883875615634915,0.032030644146808576,0.009553424714686046,0.019025922836209134,0.0026144133348557537,0.008343538264486985,0.0020617751618480047,0.00227260008676375,0.0021503720256334027,0.005136024448832968,0.0025946957134548128,0.0001734821554154212,0.02775386785677391,0.05672498333573232,0.00048601500538469634,0.00027501013177094123,0.00018116244122020974,0.14476285808753847
0.5001354268759549,2636.4488218603096,0.2715570794693534,0.2508373146842475,0.1963739608716401,0.1699500031893402,0.18834097740957612,0.20128732368817656,0.15802473213732082,0.1679465267040231,0.16467525089093857,0.10947322463727639,0.19301564674236493,0.12765190760022033,0.08263385349904014,0.1128309346337323,0.04065802373790678,0.06273372329465261,0.026380091860220528,0.03808425724279911,0.0347401070816947,0.04045268122042326,0.034606260576009594,0.0033602405159918114,0.09061217560923113,0.14610526037586383,0.012562307945129159,0.00997232177382752,0.007300644087804739,0.2681673176032281
