Id,Contributions,JavaScript,Python,Java,C#,PHP,TypeScript,Ruby,C++,C,Swift,Go,Shell,Kotlin,Rust,PowerShell,Objective-C,R,MATLAB,Dart,Vue,Assembly,Sass,CSS,HTML,Pascal,Racket,Zig,Other
1.489051094890511,573.3321167883212,0.16566675033632972,0.10335660059306773,0.03902087355159615,0.026602144861058996,0.04617976366477708,0.05227438739236582,0.07645035850441324,0.03192685593651518,0.0525094258382268,0.011348108670899094,0.061820266238882406,0.02381728060109791,0.006423537454156916,0.03681151517732911,0.0009812588624227457,0.009441670114166967,0.0033825435693074497,1.6282474246259449e-06,0.001285890330543773,0.007115290736677549,0.0014350765043061062,0.0006853738025593956,0.02615644038878884,0.055000698829500275,2.5564671703975598e-05,5.290063964525797e-05,0.0,0.16022779448223692
0.5007948015676532,1041.950405506981,0.29032006973321567,0.25331972770644634,0.1588343633622323,0.1439098915124137,0.1857421400727399,0.16727343994416585,0.22124141623595445,0.12733278746548382,0.1843096460383699,0.07209145980739134,0.20690011568441283,0.09849337693545293,0.0730137389755713,0.15605163738277517,0.010329547326962129,0.07220770530940308,0.04691549963373071,2.6318687745045085e-05,0.021067834350648552,0.046265788789532365,0.017453884721018022,0.008422886631735703,0.11374128567724485,0.15448798165958552,0.0004199756015334028,0.0008756613974113614,1.0,0.2899901774878809
